{
  "project_info": {
    "project_number": "397756554377",
    "project_id": "chatroom-76532",
    "storage_bucket": "chatroom-76532.appspot.com"
  },
  "client": [
    {
      "client_info": {
        "mobilesdk_app_id": "1:397756554377:android:644773f9bc6e0722f77a58",
        "android_client_info": {
          "package_name": "com.example.chatroom"
        }
      },
      "oauth_client": [
        {
          "client_id": "397756554377-e4gdd97snjnm9bi2eh2n5kpt3uure908.apps.googleusercontent.com",
          "client_type": 3
        }
      ],
      "api_key": [
        {
          "current_key": "AIzaSyDRfqHEZgU0zbPJ3S1KPR7ns6mY0Fk8zmI"
        }
      ],
      "services": {
        "appinvite_service": {
          "other_platform_oauth_client": [
            {
              "client_id": "397756554377-e4gdd97snjnm9bi2eh2n5kpt3uure908.apps.googleusercontent.com",
              "client_type": 3
            }
          ]
        }
      }
    }
  ],
  "configuration_version": "1"
}